,mpg,cylinders,displacement,horsepower,weight,acceleration,model_year,origin
mpg,1.0,-0.7753962854205557,-0.8042028248058989,-0.7784267838977751,-0.8317409332443352,0.42028891210165037,0.5792671330833096,0.5634503597738425
cylinders,-0.7753962854205557,1.0,0.9507213901392443,0.8429833569186564,0.8960167954533957,-0.505419489052177,-0.3487457966135948,-0.5625433459092408
displacement,-0.8042028248058989,0.9507213901392443,1.0,0.897257001843467,0.9328241468416345,-0.54368408350093,-0.3701641610793245,-0.6094093990604161
horsepower,-0.7784267838977751,0.8429833569186564,0.897257001843467,1.0,0.8645377375741428,-0.6891955103342349,-0.41636147709998783,-0.45517145279318477
weight,-0.8317409332443352,0.8960167954533957,0.9328241468416345,0.8645377375741428,1.0,-0.4174573199403935,-0.3065643342832897,-0.5810239139727468
acceleration,0.42028891210165037,-0.505419489052177,-0.54368408350093,-0.6891955103342349,-0.4174573199403935,1.0,0.2881369542994898,0.2058730074187652
model_year,0.5792671330833096,-0.3487457966135948,-0.3701641610793245,-0.41636147709998783,-0.3065643342832897,0.2881369542994898,1.0,0.180662195309598
origin,0.5634503597738425,-0.5625433459092408,-0.6094093990604161,-0.45517145279318477,-0.5810239139727468,0.2058730074187652,0.180662195309598,1.0
